{
  "source": "2a900d3b-AP26_Vanatari_official_Q1_Updated.xlsx \u2014 'Amazon Margins' tab",
  "cm1_target": {
    "DE": 0.71,
    "IT": 0.71,
    "FR": 0.71,
    "ES": 0.71,
    "IE": 0.71,
    "NL": 0.71,
    "GB": 0.71
  },
  "cogs_target": {
    "DE": 0.29,
    "IT": 0.29,
    "FR": 0.29,
    "ES": 0.29,
    "IE": 0.29,
    "NL": 0.29,
    "GB": 0.29
  },
  "fba_pct_target": {
    "DE": 0.343049,
    "IT": 0.389286,
    "FR": 0.416799,
    "ES": 0.374057,
    "IE": 0.377863,
    "NL": 0.377863,
    "GB": 0.367528
  },
  "cm2_target": {
    "DE": 0.366951,
    "IT": 0.320714,
    "FR": 0.293201,
    "ES": 0.335943,
    "IE": 0.332137,
    "NL": 0.332137,
    "GB": 0.342472
  },
  "demand_capture_target": {
    "DE": 0.130449,
    "IT": 0.121079,
    "FR": 0.149311,
    "ES": 0.126839,
    "IE": 0.09,
    "NL": 0.097238,
    "GB": 0.157782
  },
  "cm3_target": {
    "DE": 0.196898,
    "IT": 0.165556,
    "FR": 0.235513,
    "ES": 0.195624,
    "IE": 0.293951,
    "NL": 0.34,
    "GB": 0.273804
  },
  "cm3_target_monthly": {
    "January": {
      "DE": 0.255942,
      "IT": 0.209516,
      "FR": 0.166351,
      "ES": 0.228257,
      "IE": 0.241437,
      "NL": 0.233137,
      "GB": 0.207632
    },
    "February": {
      "DE": 0.238864,
      "IT": 0.197224,
      "FR": 0.153062,
      "ES": 0.214626,
      "IE": 0.239748,
      "NL": 0.24147,
      "GB": 0.194702
    },
    "March": {
      "DE": 0.25612,
      "IT": 0.213164,
      "FR": 0.175966,
      "ES": 0.233673,
      "IE": 0.239887,
      "NL": 0.23147,
      "GB": 0.219278
    },
    "April": {
      "DE": 0.257192,
      "IT": 0.235159,
      "FR": 0.165564,
      "ES": 0.227363,
      "IE": 0.242617,
      "NL": 0.240637,
      "GB": 0.206445
    },
    "May": {
      "DE": 0.242359,
      "IT": 0.212052,
      "FR": 0.159296,
      "ES": 0.222236,
      "IE": 0.229337,
      "NL": 0.247937,
      "GB": 0.200036
    },
    "June": {
      "DE": 0.225465,
      "IT": 0.183987,
      "FR": 0.129228,
      "ES": 0.196439,
      "IE": 0.223257,
      "NL": 0.242937,
      "GB": 0.167884
    },
    "July": {
      "DE": 0.211618,
      "IT": 0.167291,
      "FR": 0.110315,
      "ES": 0.180769,
      "IE": 0.22327,
      "NL": 0.24297,
      "GB": 0.147977
    },
    "August": {
      "DE": 0.255739,
      "IT": 0.217842,
      "FR": 0.155613,
      "ES": 0.223924,
      "IE": 0.228097,
      "NL": 0.246937,
      "GB": 0.211478
    },
    "September": {
      "DE": 0.219491,
      "IT": 0.17722,
      "FR": 0.122305,
      "ES": 0.185724,
      "IE": 0.243362,
      "NL": 0.242137,
      "GB": 0.160513
    },
    "October": {
      "DE": 0.237744,
      "IT": 0.201766,
      "FR": 0.130496,
      "ES": 0.205593,
      "IE": 0.225729,
      "NL": 0.238137,
      "GB": 0.179356
    },
    "November": {
      "DE": 0.219608,
      "IT": 0.19221,
      "FR": 0.131895,
      "ES": 0.196423,
      "IE": 0.241407,
      "NL": 0.240637,
      "GB": 0.157021
    },
    "December": {
      "DE": 0.232225,
      "IT": 0.191946,
      "FR": 0.139581,
      "ES": 0.205616,
      "IE": 0.241422,
      "NL": 0.248937,
      "GB": 0.179142
    }
  }
}
